{
 "documents": [
  {
   "keywords": [
    "students",
    "graduate",
    "academic",
    "faculty",
    "gap",
    "vpge",
    "resources",
    "advising",
    "mentoring"
   ],
   "name": "Academic Guidance.pdf"
  },
  {
   "keywords": [
    "mentoring",
    "shared",
    "academic advising",
    "professionalism",
    "resources",
    "relationships",
    "students",
    "policies",
    "stanford faculty",
    "material"
   ],
   "name": "Advising & Mentoring.pdf"
  },
  {
   "keywords": [
    "research",
    "science",
    "read",
    "careers",
    "fund",
    "boards",
    "lab",
    "investigators",
    "communicating",
    "irb"
   ],
   "name": "Career Development Guides.pdf"
  },
  {
   "keywords": [
    "career",
    "students",
    "national",
    "graduate",
    "resource",
    "pittsburgh",
    "resources provided",
    "center",
    "service",
    "professional"
   ],
   "name": "Career Resources.pdf"
  },
  {
   "keywords": [
    "tefd",
    "student",
    "students learning",
    "learn",
    "faculty",
    "teaching",
    "diversity",
    "neurodiversity",
    "workshops",
    "programming"
   ],
   "name": "Diversity, Inclusion, and Equity.pdf"
  },
  {
   "keywords": [
    "mentoring",
    "meeting",
    "ucsf",
    "educators",
    "idp",
    "consultation",
    "ctsi",
    "development",
    "program",
    "institute"
   ],
   "name": "Faculty Mentoring Program Resources.pdf"
  },
  {
   "keywords": [
    "mentoring",
    "faculty",
    "new",
    "networking",
    "informal",
    "process",
    "development",
    "teaching research",
    "members",
    "time"
   ],
   "name": "Faculty Mentoring Program.pdf"
  },
  {
   "keywords": [
    "faculty",
    "mentoring",
    "read",
    "merry",
    "events",
    "ucsf",
    "program",
    "contact",
    "vice",
    "mitchell"
   ],
   "name": "Faculty Mentoring Program2.pdf"
  },
  {
   "keywords": [
    "mentoring",
    "http",
    "program",
    "mentees",
    "copyright",
    "o",
    "faculty",
    "ucsf",
    "goal",
    "career"
   ],
   "name": "Faculty Mentoring Toolkit.pdf"
  },
  {
   "keywords": [
    "faculty",
    "mentoring",
    "provide",
    "stanford provides",
    "national",
    "resources",
    "press",
    "schools",
    "additionally",
    "free"
   ],
   "name": "Faculty Responsibilities in Mentoring Relationships.pdf"
  },
  {
   "keywords": [
    "consultations",
    "teaching",
    "gsi",
    "graduate students",
    "program",
    "crlt offers programs",
    "gsis",
    "student",
    "faculty",
    "postdoctoral"
   ],
   "name": "For Graduate Students & Postdoctoral Scholars.pdf"
  },
  {
   "keywords": [
    "research",
    "awarded",
    "programs",
    "foundation",
    "grant",
    "science",
    "supports",
    "faculty",
    "young",
    "investigator"
   ],
   "name": "Funding Opportunities for New and Young Faculty.pdf"
  },
  {
   "keywords": [
    "gatherings",
    "email",
    "share",
    "particular",
    "support",
    "face distinct",
    "student",
    "jamie",
    "assistant"
   ],
   "name": "Graduate Women's Gatherings.pdf"
  },
  {
   "keywords": [
    "student",
    "mentors",
    "mentoring program",
    "graduate",
    "zumbrunn",
    "programs",
    "unl",
    "cld",
    "offer",
    "new"
   ],
   "name": "Helping Students: A Peer Mentoring Approach.pdf"
  },
  {
   "keywords": [
    "pp",
    "chapters",
    "resources",
    "appendix",
    "application",
    "management",
    "getting",
    "faculty",
    "mentoring",
    "fund"
   ],
   "name": "Making the Right Moves.pdf"
  },
  {
   "keywords": [
    "mentoring",
    "teaching",
    "pair",
    "new faculty",
    "department",
    "wpi",
    "professional",
    "program",
    "time",
    "years"
   ],
   "name": "Mentoring Program.pdf"
  },
  {
   "keywords": [
    "mentoring",
    "faculty",
    "administrators",
    "respondents",
    "administrator surveys",
    "table",
    "unit",
    "junior",
    "members",
    "responses"
   ],
   "name": "Report of the Faculty Mentoring Study.pdf"
  },
  {
   "keywords": [
    "faculty",
    "tenure",
    "new",
    "teach",
    "department",
    "research",
    "things",
    "getting",
    "plan",
    "life"
   ],
   "name": "Top Ten Things New Faculty Members .pdf"
  }
 ]
}